filename,date,lat,long,first_name,last_name,contact,purpose,crop,stage,title,description
1.jpeg,2019-10-16 01:03:32.158523,10.8216809,122.7126668,Kezia Shem ,Brusola ,09176532494,Monitoring,Rice,Others,,land prep
2.jpeg,2019-10-16 01:04:00.427515,10.7001779,122.6508807,Kezia Shem ,Brusola ,09176532494,Monitoring,Rice,Harvested,,
3.jpeg,2019-10-16 01:05:12.676963,10.8216809,122.7126668,Kezia Shem ,Brusola ,09176532494,Monitoring,Rice,Harvested,,harvesting on going
4.jpeg,2019-10-16 01:05:54.123028,10.804994,122.7232771,Kezia Shem ,Brusola ,09176532494,Monitoring,Rice,Reproductive,,
5.jpeg,2019-10-16 01:24:01.244717,10.7999292,122.6657127,Kezia Shem ,Brusola ,09176532494,Monitoring,Rice,Harvested,,
6.jpeg,2019-10-16 01:27:08.717566,10.80874,122.6533384,Kezia Shem ,Brusola ,09176532494,Monitoring,Rice,Vegetative,,land prep to veg
7.jpeg,2019-10-16 01:27:25.112148,10.8364341,122.6787773,Kezia Shem ,Brusola ,09176532494,Monitoring,Rice,Others,,land prep
8.jpeg,2019-10-16 01:29:48.107015,10.8364341,122.6787773,Kezia Shem ,Brusola ,09176532494,Monitoring,Rice,Others,,land prep number 7 gps name
9.jpeg,2019-10-16 01:33:04.207183,10.8364341,122.6787773,Kezia Shem ,Brusola ,09176532494,Monitoring,Rice,Vegetative,,
10.jpeg,2019-10-16 01:35:07.563527,10.8364341,122.6787773,Kezia Shem ,Brusola ,09176532494,Monitoring,Rice,Harvested,,harvesting on going
11.jpeg,2019-10-16 01:39:57.500076,10.8381809,122.6567548,Kezia Shem ,Brusola ,09176532494,Monitoring,Rice,Ripening,,mature 
12.jpeg,2019-10-16 01:40:52.598077,10.8381809,122.6567548,Kezia Shem ,Brusola ,09176532494,Monitoring,Others,Others,,onion
13.jpeg,2019-10-16 01:41:57.917771,10.8420491,122.656534,Kezia Shem ,Brusola ,09176532494,Monitoring,Rice,Ripening,,mature
14.jpeg,2019-10-16 01:44:46.175666,10.849211,122.6648714,Kezia Shem ,Brusola ,09176532494,Monitoring,Rice,Ripening,,
15.jpeg,2019-10-16 01:45:42.355798,10.8526168,122.6689331,Kezia Shem ,Brusola ,09176532494,Monitoring,Rice,Reproductive,,
16.jpeg,2019-10-16 01:47:59.207339,10.8526168,122.6689331,Kezia Shem ,Brusola ,09176532494,Monitoring,Rice,Reproductive,,
17.jpeg,2019-10-16 01:48:13.114483,10.8754679,122.7041954,Kezia Shem ,Brusola ,09176532494,Monitoring,Rice,Others,,land prep
18.jpeg,2019-10-16 01:48:40.159417,10.895092,122.6992535,Kezia Shem ,Brusola ,09176532494,Monitoring,Rice,Others,,land prep
19.jpeg,2019-10-16 01:49:14.871454,10.8805425,122.6843409,Kezia Shem ,Brusola ,09176532494,Monitoring,Rice,Reproductive,,
20.jpeg,2019-10-16 01:52:48.734800,10.8805425,122.6843409,Kezia Shem ,Brusola ,09176532494,Monitoring,Rice,Reproductive,,
21.jpeg,2019-10-16 01:52:55.468398,10.8847058,122.6914848,Kezia Shem ,Brusola ,09176532494,Monitoring,Rice,Harvested,,
22.jpeg,2019-10-16 01:57:40.091449,10.8932849,122.7034947,Kezia Shem ,Brusola ,09176532494,Monitoring,Others,Others,,sugarcane
23.jpeg,2019-10-16 02:02:27.314762,10.8468622,122.7147101,Kezia Shem ,Brusola ,09176532494,Monitoring,Rice,Harvested,,
24.jpeg,2019-10-16 02:03:08.303992,10.846232,122.7145667,Kezia Shem ,Brusola ,09176532494,Monitoring,Rice,Harvested,,
25.jpeg,2019-10-16 02:09:36.426299,10.8203452,122.7094219,Kezia Shem ,Brusola ,09176532494,Monitoring,Rice,Harvested,,
26.jpeg,2019-10-16 02:10:18.269975,10.8215832,122.710902,Kezia Shem ,Brusola ,09176532494,Monitoring,Rice,Reproductive,,
27.jpeg,2019-10-16 02:10:42.319485,10.8932849,122.7034947,Kezia Shem ,Brusola ,09176532494,Monitoring,Rice,Reproductive,,
28.jpeg,2019-10-16 02:11:07.445179,10.8932849,122.7034947,Kezia Shem ,Brusola ,09176532494,Monitoring,Rice,Reproductive,,
29.jpeg,2019-10-16 02:14:22.741320,10.8355897,122.6816049,Kezia Shem ,Brusola ,09176532494,Monitoring,Rice,Reproductive,,
30.jpeg,2019-10-16 02:14:48.786385,10.8364341,122.6787773,Kezia Shem ,Brusola ,09176532494,Monitoring,Rice,Harvested,,
31.jpeg,2019-10-16 02:15:27.582831,10.8364341,122.6787773,Kezia Shem ,Brusola ,09176532494,Monitoring,Rice,Others,,land prep
32.jpeg,2019-10-16 02:16:14.375004,10.8280155,122.6757458,Kezia Shem ,Brusola ,09176532494,Monitoring,Rice,Harvested,,
33.jpeg,2019-10-16 02:17:08.418059,10.8280155,122.6757458,Kezia Shem ,Brusola ,09176532494,Monitoring,Rice,Reproductive,,
34.jpeg,2019-10-16 02:17:58.065094,10.825326,122.6719529,Kezia Shem ,Brusola ,09176532494,Monitoring,Rice,Reproductive,,
35.jpeg,2019-10-16 02:18:00.345111,10.825326,122.6719529,Kezia Shem ,Brusola ,09176532494,Monitoring,Rice,Harvested,,pahabol
36.jpeg,2019-10-16 02:18:01.350790,10.825326,122.6719529,Kezia Shem ,Brusola ,09176532494,Monitoring,Rice,Harvested,,
37.jpeg,2019-10-16 02:19:10.625232,10.825326,122.6719529,Kezia Shem ,Brusola ,09176532494,Monitoring,Rice,Others,,land prep
38.jpeg,2019-10-16 02:19:20.173843,10.825326,122.6719529,Kezia Shem ,Brusola ,09176532494,Monitoring,Rice,Reproductive,,
39.jpeg,2019-10-16 02:19:20.762839,10.8199228,122.667528,Kezia Shem ,Brusola ,09176532494,Monitoring,Rice,Reproductive,,
40.jpeg,2019-10-16 02:22:26.138250,10.8199228,122.667528,Kezia Shem ,Brusola ,09176532494,Monitoring,Rice,Ripening,,
41.jpeg,2019-10-18 02:11:28.156094,10.8199228,122.667528,Kezia Shem ,Brusola ,09176532494,Monitoring,Rice,Vegetative,,
42.jpeg,2019-10-18 02:11:33.485627,10.8199228,122.667528,Kezia Shem ,Brusola ,09176532494,Monitoring,Rice,Vegetative,,
43.jpeg,2019-10-18 02:11:39.096788,10.8107272,122.7177797,Kezia Shem ,Brusola ,09176532494,Monitoring,Rice,Harvested,,Brgy Talusan
44.jpeg,2019-10-18 04:16:49.130754,10.8106276,122.7175239,Margaret May ,Arengo,09060568374,Monitoring,Rice,Vegetative,,sample
45.jpeg,2019-10-18 04:16:52.033069,10.8205193,122.7120498,Margaret May ,Arengo,09060568374,Monitoring,Rice,Harvested,,sample
46.jpeg,2019-10-18 04:16:55.684739,10.8205193,122.7120498,Margaret May ,Arengo,09060568374,Monitoring,Rice,Harvested,,sample
47.jpeg,2019-10-18 05:56:54.835616,10.8454128,122.7081149,Kezia Shem ,Brusola ,09176532494,Monitoring,Others,Others,,sugarcane
48.jpeg,2019-10-18 06:02:06.770813,10.8659426,122.6978701,Kezia Shem ,Brusola ,09176532494,Monitoring,Rice,Reproductive,,
49.jpeg,2019-10-18 06:02:08.467779,10.8620774,122.6995654,Kezia Shem ,Brusola ,09176532494,Monitoring,Corn,Harvested,,
50.jpeg,2019-10-18 06:02:37.087621,10.8788577,122.7066663,Kezia Shem ,Brusola ,09176532494,Monitoring,Rice,Reproductive,,
51.jpeg,2019-10-18 06:24:02.985045,10.8789546,122.7084312,Kezia Shem ,Brusola ,09176532494,Monitoring,Rice,Harvested,,
52.jpeg,2019-10-18 06:38:51.977743,10.8362139,122.6916262,Margaret May ,Arengo,09060568374,Monitoring,Rice,Others,,direct seeding
53.jpeg,2019-10-18 06:39:32.372738,10.8336273,122.6889455,Margaret May ,Arengo,09060568374,Monitoring,Rice,Ripening,,
54.jpeg,2019-10-19 00:16:14.997551,10.8443991,122.6607689,Ricky,Dador,09082453756,Monitoring,Rice,Reproductive,,
55.jpeg,2019-10-19 02:11:02.614204,10.83674,122.6549033,Ricky,Dador,09082453756,Monitoring,Rice,Ripening,,
56.jpeg,2019-10-19 02:11:02.909949,10.8455434,122.6614752,Ricky,Dador,09082453756,Monitoring,Rice,Vegetative,,newly sown
57.jpeg,2019-10-21 06:48:55.180643,10.8587933,122.7188323,Ricky,Dador,09082453756,Monitoring,Rice,Others,,land preparation
58.jpeg,2019-10-23 09:42:20.871431,10.8125417,122.7170971,Marilou,Yeemo,09151167999,Monitoring,Rice,Reproductive,,
59.jpeg,2019-10-23 11:05:04.245125,10.8175537,122.7112549,victorie,yermo,09959247422,Reporting,Rice,Harvested,,
60.jpeg,2019-10-24 03:39:48.272474,10.8318714,122.6706563,Ricky,Dador,09082453756,Monitoring,Rice,Vegetative,,
61.jpeg,2019-10-24 03:39:48.966715,10.8318714,122.6706563,Ricky,Dador,09082453756,Monitoring,Rice,Others,,wet seeding
62.jpeg,2019-10-24 03:39:49.396456,10.870451,122.7406238,Ricky,Dador,09082453756,Monitoring,Rice,Others,,new direct seeding
63.jpeg,2019-10-24 03:43:17.862577,10.8628185,122.7214352,Ricky,Dador,09082453756,Monitoring,Rice,Others,,land prep
64.jpeg,2019-11-01 00:19:43.548849,10.8557987,122.669134,Margaret May ,Arengo,09060568374,Monitoring,Rice,Others,,25 days old
65.jpeg,2019-11-15 05:21:56.102760,10.8548996,122.7035294,Kezia Shem ,Brusola ,09176532494,Monitoring,Rice,Harvested,,
66.jpeg,2019-11-15 05:21:59.196766,10.8548996,122.7035294,Kezia Shem ,Brusola ,09176532494,Monitoring,Others,Others,,sugarcane
67.jpeg,2019-11-15 05:28:34.505357,10.8415102,122.6965236,Kezia Shem ,Brusola ,09176532494,Monitoring,Rice,Reproductive,,
68.jpeg,2019-11-15 05:28:36.693586,10.8415102,122.6965236,Kezia Shem ,Brusola ,09176532494,Monitoring,Rice,Harvested,,
69.jpeg,2019-11-15 05:28:42.708332,10.8342123,122.6898675,Kezia Shem ,Brusola ,09176532494,Monitoring,Rice,Reproductive,,
70.jpeg,2019-11-15 05:28:45.939435,10.8064134,122.6550083,Kezia Shem,Brusola,09176532494,Monitoring,Rice,Vegetative,point 1 ,
71.jpeg,2019-11-15 05:28:48.735690,10.8189036,122.6605984,Kezia Shem,Brusola,09176532494,Monitoring,Rice,Vegetative,point 2,
72.jpeg,2019-11-15 05:30:16.541571,10.8189036,122.6605984,Kezia Shem,Brusola,09176532494,Monitoring,Rice,Land Preparation,point 3,
73.jpeg,2019-11-15 05:31:43.512258,10.8362879,122.6797235,Kezia Shem,Brusola,09176532494,Monitoring,Rice,Land Preparation,point 4,
74.jpeg,2019-11-15 05:34:16.725789,10.8466458,122.6625346,Kezia Shem,Brusola,09176532494,Monitoring,Rice,Land Preparation,point 5,
75.jpeg,2019-11-15 05:38:10.578164,10.8467279,122.6462894,Kezia Shem,Brusola,09176532494,Monitoring,Rice,Vegetative,point 6,
76.jpeg,2019-11-15 05:43:12.243521,10.8522742,122.6687342,Kezia Shem,Brusola,09176532494,Monitoring,Rice,Land Preparation,point 7,
77.jpeg,2019-11-15 05:52:05.137069,10.8954364,122.6971128,Kezia Shem,Brusola,09176532494,Monitoring,sugarcane,Reproductive,sugarcane ,
78.jpeg,2019-11-15 05:59:52.856211,10.867725,122.7119211,Kezia Shem,Brusola,09176532494,Monitoring,Rice,Harvested,ratoon,
79.jpeg,2019-11-15 06:04:25.992081,10.8642475,122.723904,Kezia Shem,Brusola,09176532494,Monitoring,Rice,Land Preparation,point 9,
80.jpeg,2019-11-15 06:18:59.665813,10.862248,122.7184955,Kezia Shem,Brusola,09176532494,Monitoring,Rice,Vegetative,point 10,
81.jpeg,2019-11-15 06:37:49.669556,10.8753672,122.7564144,Kezia Shem,Brusola,09176532494,Monitoring,Rice,Land Preparation,point 11,other crop during dry season
82.jpeg,2019-11-15 06:37:50.438350,10.8715659,122.6879568,Kezia Shem,Brusola,09176532494,Monitoring,Rice,Land Preparation,point 12,
83.jpeg,2019-11-15 06:37:51.072335,10.8558538,122.7020084,Kezia Shem,Brusola,09176532494,Monitoring,Rice,Land Preparation,point 13,km 280
84.jpeg,2019-11-15 06:38:13.046047,10.8420724,122.700179,Kezia Shem,Brusola,09176532494,Monitoring,Rice,Vegetative,point 15,
85.jpeg,2019-11-15 06:45:04.804723,10.845283,122.7083828,Kezia Shem,Brusola,09176532494,Monitoring,Rice,Land Preparation,point 15,
86.jpeg,2019-11-15 06:46:26.961824,10.8430743,122.7158847,Kezia Shem,Brusola,09176532494,Monitoring,Rice,Vegetative,point 16,
87.jpeg,2019-11-15 06:50:11.159512,10.8294338,122.7119608,Kezia Shem,Brusola,09176532494,Monitoring,Rice,Vegetative,point 17,
88.jpeg,2019-11-15 06:53:34.659138,10.834269,122.7293166,Kezia Shem,Brusola,09176532494,Monitoring,Rice,Vegetative,point 18,
89.jpeg,2019-11-15 07:06:05.135417,10.8191495,122.7007,Kezia Shem,Brusola,09176532494,Monitoring,Rice,Land Preparation,point 19,
90.jpeg,2019-11-15 07:12:59.052017,10.8036647,122.698076,Kezia Shem,Brusola,09176532494,Monitoring,Rice,Vegetative,point 20,point 20
91.jpeg,2019-11-19 07:17:51.731629,10.8316769,122.7141572,Kim,Dumdumaya,09369643107,Monitoring,Rice,Others,,seedling stage
92.jpeg,2019-11-19 07:24:59.888911,10.8316769,122.7141572,Kim,Dumdumaya,09369643107,Monitoring,Rice,Others,,14 days after tranplanted
93.jpeg,2019-11-19 07:46:32.856411,10.8312167,122.7148017,Kim,Dumdumaya,09369643107,Reporting,Rice,Others,,direct seeding. 
94.jpeg,2019-11-19 07:48:15.087989,10.8299918,122.7144826,Kim,Dumdumaya,09369643107,Reporting,Rice,Others,,13 days after transplanted
95.jpeg,2019-11-19 07:49:07.069764,10.8299918,122.7144826,Kim,Dumdumaya,09369643107,Reporting,Rice,Others,,land prep
96.jpeg,2019-11-19 07:51:14.673847,10.8335804,122.7149848,Kim,Dumdumaya,09369643107,Reporting,Rice,Others,,land prep
97.jpeg,2019-11-19 07:52:09.813964,10.8335804,122.7149848,Kim,Dumdumaya,09369643107,Reporting,Rice,Others,,land prep
98.jpeg,2019-11-19 07:52:58.890381,10.8259059,122.7158433,Kim,Dumdumaya,09369643107,Reporting,Rice,Idle land/grass,,
99.jpeg,2019-11-19 07:54:15.121175,10.8259059,122.7158433,Kim,Dumdumaya,09369643107,Reporting,Rice,Others,,land prep
100.jpeg,2019-11-19 07:56:39.596926,10.8442409,122.7170441,Kim,Dumdumaya,09369643107,Monitoring,Rice,Others,,lan prep
101.jpeg,2019-11-19 07:57:55.136371,10.8377717,122.726065,Kim,Dumdumaya,09369643107,Monitoring,Rice,Idle land/grass,,
102.jpeg,2019-11-19 07:59:05.348934,10.8377717,122.726065,Kim,Dumdumaya,09369643107,Reporting,Rice,Others,,land prep
103.jpeg,2019-11-19 08:00:18.619743,10.8377717,122.726065,Kim,Dumdumaya,09369643107,Monitoring,Rice,Harvested,,
104.jpeg,2019-11-19 08:10:08.050973,10.8442409,122.7170441,Kim,Dumdumaya,09369643107,Monitoring,Rice,Harvested,,
105.jpeg,2019-11-19 08:10:13.800635,10.8442409,122.7170441,Kim,Dumdumaya,09369643107,Reporting,Rice,Others,,seedling stage
106.jpeg,2019-11-19 08:10:19.649873,10.8422178,122.7267951,Kim,Dumdumaya,09369643107,Reporting,Others,Others,,eggplant
107.jpeg,2019-11-19 08:10:23.921342,10.8442409,122.7170441,Kim,Dumdumaya,09369643107,Reporting,Rice,Others,,
108.jpeg,2019-11-19 08:10:30.992088,10.8551972,122.7277877,Kim,Dumdumaya,09369643107,Reporting,Rice,Others,,
109.jpeg,2019-11-19 08:10:47.222189,10.8513867,122.72989,Kim,Dumdumaya,09369643107,Monitoring,Rice,Idle land/grass,,
110.jpeg,2019-11-19 08:26:46.953223,10.8514733,122.7314583,Kim,Dumdumaya,09369643107,Monitoring,Rice,Others,,
111.jpeg,2019-11-19 08:26:53.553572,10.8586154,122.7188765,Kim,Dumdumaya,09369643107,Reporting,Rice,Harvested,,
112.jpeg,2019-11-19 08:27:57.081157,10.8501018,122.7161963,Kim,Dumdumaya,09369643107,Monitoring,Corn,Vegetative,,
113.jpeg,2019-11-19 08:28:04.960515,10.8585589,122.7125538,Kim,Dumdumaya,09369643107,Reporting,Others,Reproductive,,banana
114.jpeg,2019-11-19 08:28:09.628336,10.8533718,122.716317,Kim,Dumdumaya,09369643107,Reporting,Others,Idle land/grass,,
115.jpeg,2019-11-19 08:28:13.356850,10.8439068,122.714819,Kim,Dumdumaya,09369643107,Monitoring,Rice,Others,,land prep
116.jpeg,2019-11-19 08:28:17.442190,10.8430129,122.7157262,Kim,Dumdumaya,09369643107,Monitoring,Rice,Others,,seedling stage
117.jpeg,2019-11-19 08:28:21.876309,10.8417719,122.7126296,Kim,Dumdumaya,09369643107,Monitoring,Rice,Others,,
118.jpeg,2019-11-20 01:07:54.789391,10.8586154,122.7188765,,,,Reporting,Rice,Vegetative,,
119.jpeg,2019-11-20 01:08:15.230042,10.8586154,122.7188765,,,,Reporting,Rice,Land Preparation,,
120.jpeg,2019-11-20 01:08:43.076265,10.8586154,122.7188765,,,,Reporting,Rice,newly sown,,
121.jpeg,2019-11-20 01:09:56.372719,10.8586154,122.7188765,,,,Reporting,Rice,Vegetative,,
122.jpeg,2019-11-20 01:48:01.526542,10.8417198,122.7144315,Kim,Dumdumaya,09369643107,Monitoring,Rice,Others,,
123.jpeg,2019-11-20 01:50:49.236800,10.8259059,122.7158433,Kim,Dumdumaya,09369643107,Reporting,Corn,Idle land/grass,,
124.jpeg,2019-11-20 01:51:46.245966,10.8442409,122.7170441,Kim,Dumdumaya,09369643107,Monitoring,Rice,Others,,
125.jpeg,2019-11-20 23:41:34.193037,10.8391087,122.6484085,,,,Reporting,Rice,newly sown,,
126.jpeg,2019-11-22 22:46:38.307264,10.8363781,122.6766588,,,,Reporting,Rice,Vegetative,,
127.jpeg,2019-11-22 22:49:08.468235,10.8361824,122.673128,,,,Reporting,Rice,Vegetative,,
128.jpeg,2019-11-22 22:49:09.414209,10.8361824,122.673128,,,,Reporting,Rice,newly sown,,
129.jpeg,2019-11-22 22:49:22.498055,10.8367988,122.6212101,,,,Reporting,Rice,neely sown,,
130.jpeg,2019-11-22 22:49:51.180093,10.8367988,122.6212101,,,,Reporting,Rice,Vegetative,,
131.jpeg,2019-11-22 23:19:06.420387,10.8210203,122.7033613,,,,Reporting,Rice,newly transplanted,,
132.jpeg,2019-11-22 23:53:53.174452,10.8193229,122.6989005,,,,Reporting,Rice,Vegetative,,
133.jpeg,2019-11-22 23:55:59.844741,10.829767,122.6915508,,,,Reporting,Rice,newly sown,,
134.jpeg,2019-11-22 23:58:41.126282,10.8356049,122.6813454,,,,Reporting,Rice,Vegetative,,
135.jpeg,2019-11-23 00:01:03.631753,10.8466876,122.6621815,,,,Reporting,Rice,Vegetative,,
136.jpeg,2019-11-25 01:46:30.565852,10.8188107,122.7002027,Kim,Dumdumaya,09369643107,Reporting,Rice,Others,,seedling stage.point 19
137.jpeg,2019-11-25 01:52:36.976677,10.8031983,122.6983589,Kim,Dumdumaya,09369643107,Reporting,Rice,Others,,newly transplanted: point 20
138.jpeg,2019-11-25 02:02:46.383476,10.8061432,122.6552567,Kim,Dumdumaya,09369643107,Reporting,Rice,Others,,20 das: point 1
139.jpeg,2019-11-25 02:06:06.910827,10.8144683,122.652955,,,,Reporting,Rice,Vegetative,,
140.jpeg,2019-11-25 02:08:23.287677,10.8188909,122.6604732,Kim,Dumdumaya,09369643107,Reporting,Rice,Vegetative,,point 2
141.jpeg,2019-11-25 02:12:33.949496,10.8149625,122.6540758,,,,Reporting,Rice,20dàs,,
142.jpeg,2019-11-25 02:13:09.703164,10.8347741,122.6798365,,,,Reporting,Rice,10das:point 3,,
143.jpeg,2019-11-25 02:16:07.209024,10.8383869,122.6752465,,,,Reporting,Rice,Land Preparation,point4,
144.jpeg,2019-11-25 02:20:54.728509,10.8466876,122.6621815,,,,Reporting,Rice,5das:point5,,
145.jpeg,2019-11-25 02:25:47.210657,10.8457089,122.6445234,,,,Reporting,Rice,Vegetative,point 6,
146.jpeg,2019-11-25 02:39:55.973491,10.8466876,122.6621815,,,,Reporting,Rice,seedling:point7,,
147.jpeg,2019-11-25 02:43:34.301150,10.8627083,122.6766892,,,,Reporting,Rice,Vegetative,,
148.jpeg,2019-11-25 02:45:24.228321,10.8627083,122.6766892,,,,Reporting,Rice,Vegetative,,
149.jpeg,2019-11-25 02:50:35.428648,10.8363504,122.6794834,,,,Reporting,Rice,Vegetative,,
150.jpeg,2019-11-25 02:55:28.480507,10.874014,122.7112549,,,,Reporting,Rice,5das,,
151.jpeg,2019-11-25 03:01:38.363500,10.8679288,122.7049759,,,,Reporting,Rice,10das:point12,,
152.jpeg,2019-11-25 03:06:31.513467,10.8556153,122.6981945,,,,Reporting,Rice,5das:point13,,
153.jpeg,2019-11-25 03:17:32.954483,10.8422754,122.7004436,,,,Reporting,Rice,Vegetative,point 14,
154.jpeg,2019-11-25 03:18:11.008477,10.84502,122.7086283,,,,Reporting,Rice,2das:point15,,
155.jpeg,2019-11-25 03:20:58.655988,10.8418583,122.7137683,,,,Reporting,Rice,15das:point16,,
156.jpeg,2019-11-25 03:24:58.018833,10.8350536,122.7137256,,,,Reporting,Rice,20das:point17,,
157.jpeg,2019-11-25 03:28:45.401039,10.8431147,122.7130197,,,,Reporting,Rice,Vegetative,point18,
158.jpeg,2019-11-25 05:56:42.451107,10.8579413,122.7147845,,,,Reporting,Rice,Land Preparation,point8,
159.jpeg,2019-11-25 06:02:00.028934,10.8633067,122.7225333,,,,Reporting,Rice,Vegetative,point 9,
160.jpeg,2019-11-25 06:04:44.447721,10.8679383,122.7346617,,,,Reporting,Rice,Vegetative,point 10,
161.jpeg,2019-11-25 06:18:36.259616,10.8755483,122.7562117,,,,Reporting,Rice,idle land.:point 11,,
162.jpeg,2019-11-25 06:19:31.566105,10.8650091,122.724788,,,,Reporting,Rice,5days:point 8,,
163.jpeg,2019-11-25 06:30:31.929079,10.8502711,122.7001346,Kim,Dumdumaya,09369643107,Reporting,Rice,Others,,5 das
164.jpeg,2019-12-10 01:57:58.338632,10.8118316,122.7286589,Margaret May ,Arengo,09060568374,Monitoring,Rice,Others,,newly planted
165.jpeg,2019-12-10 01:58:06.858957,10.8753509,122.756368,Margaret May,Arengo,09389412156,Monitoring,Rice,Land Preparation,point 11,
166.jpeg,2019-12-10 01:58:25.065384,10.8755711,122.7561933,Margaret May,Arengo,09389412156,Monitoring,Rice,Vegetative,point 10 bolilao,
167.jpeg,2019-12-10 01:59:16.555119,10.8641341,122.7236786,Margaret May,Arengo,09389412156,Monitoring,Rice,Vegetative,point 9 lanag,
168.jpeg,2019-12-10 02:04:35.617676,10.8713827,122.7091203,Margaret May,Arengo,09389412156,Monitoring,Rice,direct seeding,point 8 PDMN,
169.jpeg,2019-12-10 02:10:21.612751,10.8676919,122.7048548,Margaret May,Arengo,09389412156,Monitoring,Rice,Vegetative,point 12 calao,
170.jpeg,2019-12-10 02:15:20.879840,10.8558917,122.7021058,Margaret May,Arengo,09389412156,Monitoring,Rice,Vegetative,point 13 rosario,
171.jpeg,2019-12-10 02:19:37.761312,10.8469465,122.7020899,Margaret May,Arengo,09389412156,Monitoring,Rice,Vegetative,point 14 capaliz,
172.jpeg,2019-12-10 02:24:16.747799,10.8450834,122.7086508,Margaret May,Arengo,09389412156,Monitoring,Rice,Vegetative,point 15 cansilayan,
173.jpeg,2019-12-10 02:26:06.935640,10.8414697,122.7139927,Margaret May,Arengo,09389412156,Monitoring,Rice,Vegetative,point 16 bacong,
174.jpeg,2019-12-10 02:29:46.662861,10.8323902,122.7147115,Margaret May,Arengo,09389412156,Monitoring,Rice,Vegetative,point 17 ilaya 1st,
175.jpeg,2019-12-10 02:34:32.666323,10.8329519,122.7285762,Margaret May,Arengo,09389412156,Monitoring,Rice,tillering stage ,point 18 paloc so ol,
176.jpeg,2019-12-10 03:08:15.959341,10.8187561,122.700446,Margaret May,Arengo,09389412156,Monitoring,Rice,Vegetative,point 19 sulangan,
177.jpeg,2019-12-10 03:12:38.266639,10.8034698,122.6981356,Margaret May,Arengo,09389412156,Monitoring,Rice,Land Preparation,point 20 dacutan,
178.jpeg,2019-12-10 03:20:35.886467,10.8304264,122.6706219,Margaret May,Arengo,09389412156,Monitoring,Rice,Vegetative,point 1 bantud fabrica,
179.jpeg,2019-12-10 03:24:50.157539,10.8188909,122.6604668,Margaret May,Arengo,09389412156,Monitoring,Rice,Mature,point 2 cayos,
180.jpeg,2019-12-10 03:28:55.046822,10.8273829,122.6750709,Margaret May,Arengo,09389412156,Monitoring,Rice,Vegetative,point 3 patlad,
181.jpeg,2019-12-10 03:32:00.682340,10.8362837,122.6795566,Margaret May,Arengo,09389412156,Monitoring,Rice,Land Preparation,point 4 pulao,
182.jpeg,2019-12-10 03:35:39.588868,10.8421789,122.6606379,Margaret May,Arengo,09389412156,Monitoring,Rice,Vegetative,point 5 balabag,
183.jpeg,2019-12-10 03:40:10.496217,10.8524841,122.6686937,Margaret May,Arengo,09389412156,Monitoring,Rice,Vegetative,point 7 pagdugue,
184.jpeg,2019-12-10 03:46:41.138283,10.8293148,122.6516753,Margaret May,Arengo,09389412156,Monitoring,Rice,Reproductive,point 6 maquina,
185.jpeg,2019-12-11 05:17:59.617287,10.8205354,122.6721704,tony ,domingo,09195101953,Monitoring,Rice,Reproductive,,test123
186.jpeg,2019-12-11 05:18:00.073284,10.8206749,122.6724386,tony ,domingo,09195101953,Reporting,Rice,Reproductive,,
187.jpeg,2019-12-11 05:18:00.553144,10.8288057,122.6645018,tony ,domingo,09195101953,Reporting,Rice,Reproductive,,
188.jpeg,2019-12-11 05:18:01.104233,10.7049681,122.5760403,tony ,domingo,09195101953,Reporting,Rice,Reproductive,,
189.jpeg,2020-01-02 02:22:30.587382,10.8757579,122.7556799,,,,Monitoring,mongbean,Vegetative,point 11 nanding Lopez,
190.jpeg,2020-01-02 02:23:09.121194,10.8647482,122.7169022,,,,Monitoring,Rice,repineng,point 10 bolilao,
191.jpeg,2020-01-02 02:25:33.349776,10.8804475,122.7087842,,,,Monitoring,Rice,Mature,piont 9 lanag,
192.jpeg,2020-01-02 02:30:46.389987,10.8707737,122.709526,,,,Monitoring,Rice,Vegetative,point 8 pdmn,
193.jpeg,2020-01-02 02:36:06.243649,10.864216,122.6593564,,,,Monitoring,Rice,Mature,point 12 calao,
194.jpeg,2020-01-02 02:40:00.576226,10.8705202,122.7394384,,,,Monitoring,Rice,Mature,pointo 13 rosario,
195.jpeg,2020-01-02 02:44:49.212567,10.8410849,122.6985958,,,,Monitoring,Rice,repining,point 14  Capaliz,
196.jpeg,2020-01-02 02:48:59.927645,10.849307,122.7151374,,,,Monitoring,Rice,Mature,point 15 cansilayan,
197.jpeg,2020-01-02 02:51:03.817497,10.8432358,122.7153352,,,,Monitoring,Rice,Vegetative,ponit 16 bacong,
198.jpeg,2020-01-02 02:54:19.210061,10.8293501,122.7126668,,,,Monitoring,Rice,Mature,point16 ilaya 1st,
199.jpeg,2020-01-02 02:57:32.902053,10.8351704,122.7263595,,,,Monitoring,Rice,ripening,point 18 paloc sool,
200.jpeg,2020-01-02 03:06:17.481548,10.8210838,122.6975809,,,,Monitoring,Rice,Vegetative,point 19 sulangan,
201.jpeg,2020-01-02 03:09:40.305786,10.8032413,122.6982414,,,,Monitoring,Rice,Idle land/grass,point 20 dacutan,
202.jpeg,2020-01-02 03:17:15.633415,10.8006531,122.6985475,,,,Monitoring,Rice,Mature,point 1 bantud fabrica,
203.jpeg,2020-01-02 03:25:44.645343,10.8185481,122.6596047,,,,Monitoring,Rice,ripening,point 2 cayos,
204.jpeg,2020-01-02 03:25:45.087646,10.827265,122.674955,,,,Monitoring,Rice,Vegetative,point3 patlad,
205.jpeg,2020-01-02 03:26:39.335428,10.8362534,122.6796352,,,,Monitoring,Rice,Vegetative,point 4 pulao,
206.jpeg,2020-01-02 03:30:09.245392,10.8463806,122.6621815,,,,Monitoring,Rice,Vegetative,point 5 balabag,
207.jpeg,2020-01-02 03:34:19.658634,10.8463806,122.6621815,,,,Monitoring,Rice,Vegetative,point 7 pagdugue,
208.jpeg,2020-01-02 03:42:21.452413,10.8276474,122.6454362,Kim,Dumdumaya,09369643107,Reporting,Rice,Vegetative,,
209.jpeg,2020-01-02 03:42:25.512652,10.8422294,122.7139338,Kim,Dumdumaya,09369643107,Reporting,Rice,Vegetative,,
210.jpeg,2020-01-02 03:49:08.808692,10.8363781,122.6766588,,,,Monitoring,Rice,Harvested,point 6 maquina,
