filename,date,lat,long,first_name,last_name,contact,purpose,crop,stage,description
1.jpeg,2019-10-16,10.8216809,122.7126668,Kezia Shem ,Brusola ,09176532494,Monitoring,Rice,Others,land prep
2.jpeg,2019-10-16,10.7001779,122.6508807,Kezia Shem ,Brusola ,09176532494,Monitoring,Rice,Harvested,
3.jpeg,2019-10-16,10.8216809,122.7126668,Kezia Shem ,Brusola ,09176532494,Monitoring,Rice,Harvested,harvesting on going
4.jpeg,2019-10-16,10.804994,122.7232771,Kezia Shem ,Brusola ,09176532494,Monitoring,Rice,Reproductive,
5.jpeg,2019-10-16,10.7999292,122.6657127,Kezia Shem ,Brusola ,09176532494,Monitoring,Rice,Harvested,
6.jpeg,2019-10-16,10.80874,122.6533384,Kezia Shem ,Brusola ,09176532494,Monitoring,Rice,Vegetative,land prep to veg
7.jpeg,2019-10-16,10.8364341,122.6787773,Kezia Shem ,Brusola ,09176532494,Monitoring,Rice,Others,land prep
8.jpeg,2019-10-16,10.8364341,122.6787773,Kezia Shem ,Brusola ,09176532494,Monitoring,Rice,Others,land prep number 7 gps name
9.jpeg,2019-10-16,10.8364341,122.6787773,Kezia Shem ,Brusola ,09176532494,Monitoring,Rice,Vegetative,
10.jpeg,2019-10-16,10.8364341,122.6787773,Kezia Shem ,Brusola ,09176532494,Monitoring,Rice,Harvested,harvesting on going
11.jpeg,2019-10-16,10.8381809,122.6567548,Kezia Shem ,Brusola ,09176532494,Monitoring,Rice,Ripening,mature 
12.jpeg,2019-10-16,10.8381809,122.6567548,Kezia Shem ,Brusola ,09176532494,Monitoring,Others,Others,onion
13.jpeg,2019-10-16,10.8420491,122.656534,Kezia Shem ,Brusola ,09176532494,Monitoring,Rice,Ripening,mature
14.jpeg,2019-10-16,10.849211,122.6648714,Kezia Shem ,Brusola ,09176532494,Monitoring,Rice,Ripening,
15.jpeg,2019-10-16,10.8526168,122.6689331,Kezia Shem ,Brusola ,09176532494,Monitoring,Rice,Reproductive,
16.jpeg,2019-10-16,10.8526168,122.6689331,Kezia Shem ,Brusola ,09176532494,Monitoring,Rice,Reproductive,
17.jpeg,2019-10-16,10.8754679,122.7041954,Kezia Shem ,Brusola ,09176532494,Monitoring,Rice,Others,land prep
18.jpeg,2019-10-16,10.895092,122.6992535,Kezia Shem ,Brusola ,09176532494,Monitoring,Rice,Others,land prep
19.jpeg,2019-10-16,10.8805425,122.6843409,Kezia Shem ,Brusola ,09176532494,Monitoring,Rice,Reproductive,
20.jpeg,2019-10-16,10.8805425,122.6843409,Kezia Shem ,Brusola ,09176532494,Monitoring,Rice,Reproductive,
21.jpeg,2019-10-16,10.8847058,122.6914848,Kezia Shem ,Brusola ,09176532494,Monitoring,Rice,Harvested,
22.jpeg,2019-10-16,10.8932849,122.7034947,Kezia Shem ,Brusola ,09176532494,Monitoring,Others,Others,sugarcane
23.jpeg,2019-10-16,10.8468622,122.7147101,Kezia Shem ,Brusola ,09176532494,Monitoring,Rice,Harvested,
24.jpeg,2019-10-16,10.846232,122.7145667,Kezia Shem ,Brusola ,09176532494,Monitoring,Rice,Harvested,
25.jpeg,2019-10-16,10.8203452,122.7094219,Kezia Shem ,Brusola ,09176532494,Monitoring,Rice,Harvested,
26.jpeg,2019-10-16,10.8215832,122.710902,Kezia Shem ,Brusola ,09176532494,Monitoring,Rice,Reproductive,
27.jpeg,2019-10-16,10.8932849,122.7034947,Kezia Shem ,Brusola ,09176532494,Monitoring,Rice,Reproductive,
28.jpeg,2019-10-16,10.8932849,122.7034947,Kezia Shem ,Brusola ,09176532494,Monitoring,Rice,Reproductive,
29.jpeg,2019-10-16,10.8355897,122.6816049,Kezia Shem ,Brusola ,09176532494,Monitoring,Rice,Reproductive,
30.jpeg,2019-10-16,10.8364341,122.6787773,Kezia Shem ,Brusola ,09176532494,Monitoring,Rice,Harvested,
31.jpeg,2019-10-16,10.8364341,122.6787773,Kezia Shem ,Brusola ,09176532494,Monitoring,Rice,Others,land prep
32.jpeg,2019-10-16,10.8280155,122.6757458,Kezia Shem ,Brusola ,09176532494,Monitoring,Rice,Harvested,
33.jpeg,2019-10-16,10.8280155,122.6757458,Kezia Shem ,Brusola ,09176532494,Monitoring,Rice,Reproductive,
34.jpeg,2019-10-16,10.825326,122.6719529,Kezia Shem ,Brusola ,09176532494,Monitoring,Rice,Reproductive,
35.jpeg,2019-10-16,10.825326,122.6719529,Kezia Shem ,Brusola ,09176532494,Monitoring,Rice,Harvested,pahabol
36.jpeg,2019-10-16,10.825326,122.6719529,Kezia Shem ,Brusola ,09176532494,Monitoring,Rice,Harvested,
37.jpeg,2019-10-16,10.825326,122.6719529,Kezia Shem ,Brusola ,09176532494,Monitoring,Rice,Others,land prep
38.jpeg,2019-10-16,10.825326,122.6719529,Kezia Shem ,Brusola ,09176532494,Monitoring,Rice,Reproductive,
39.jpeg,2019-10-16,10.8199228,122.667528,Kezia Shem ,Brusola ,09176532494,Monitoring,Rice,Reproductive,
40.jpeg,2019-10-16,10.8199228,122.667528,Kezia Shem ,Brusola ,09176532494,Monitoring,Rice,Ripening,
41.jpeg,2019-10-18,10.8199228,122.667528,Kezia Shem ,Brusola ,09176532494,Monitoring,Rice,Vegetative,
42.jpeg,2019-10-18,10.8199228,122.667528,Kezia Shem ,Brusola ,09176532494,Monitoring,Rice,Vegetative,
43.jpeg,2019-10-18,10.8107272,122.7177797,Kezia Shem ,Brusola ,09176532494,Monitoring,Rice,Harvested,Brgy Talusan
44.jpeg,2019-10-18,10.8106276,122.7175239,Margaret May ,Arengo,09060568374,Monitoring,Rice,Vegetative,sample
45.jpeg,2019-10-18,10.8205193,122.7120498,Margaret May ,Arengo,09060568374,Monitoring,Rice,Harvested,sample
46.jpeg,2019-10-18,10.8205193,122.7120498,Margaret May ,Arengo,09060568374,Monitoring,Rice,Harvested,sample
47.jpeg,2019-10-18,10.8454128,122.7081149,Kezia Shem ,Brusola ,09176532494,Monitoring,Others,Others,sugarcane
48.jpeg,2019-10-18,10.8659426,122.6978701,Kezia Shem ,Brusola ,09176532494,Monitoring,Rice,Reproductive,
49.jpeg,2019-10-18,10.8620774,122.6995654,Kezia Shem ,Brusola ,09176532494,Monitoring,Corn,Harvested,
50.jpeg,2019-10-18,10.8788577,122.7066663,Kezia Shem ,Brusola ,09176532494,Monitoring,Rice,Reproductive,
51.jpeg,2019-10-18,10.8789546,122.7084312,Kezia Shem ,Brusola ,09176532494,Monitoring,Rice,Harvested,
52.jpeg,2019-10-18,10.8362139,122.6916262,Margaret May ,Arengo,09060568374,Monitoring,Rice,Others,direct seeding
53.jpeg,2019-10-18,10.8336273,122.6889455,Margaret May ,Arengo,09060568374,Monitoring,Rice,Ripening,
54.jpeg,2019-10-19,10.8443991,122.6607689,Ricky,Dador,09082453756,Monitoring,Rice,Reproductive,
55.jpeg,2019-10-19,10.83674,122.6549033,Ricky,Dador,09082453756,Monitoring,Rice,Ripening,
56.jpeg,2019-10-19,10.8455434,122.6614752,Ricky,Dador,09082453756,Monitoring,Rice,Vegetative,newly sown
57.jpeg,2019-10-21,10.8587933,122.7188323,Ricky,Dador,09082453756,Monitoring,Rice,Others,land preparation
58.jpeg,2019-10-24,10.8318714,122.6706563,Ricky,Dador,09082453756,Monitoring,Rice,Vegetative,
59.jpeg,2019-10-24,10.8318714,122.6706563,Ricky,Dador,09082453756,Monitoring,Rice,Others,wet seeding
60.jpeg,2019-10-23,10.8125417,122.7170971,Marilou,Yeemo,09151167999,Monitoring,Rice,Reproductive,
61.jpeg,2019-10-23,10.8175537,122.7112549,victorie,yermo,09959247422,Reporting,Rice,Harvested,
62.jpeg,2019-10-24,10.870451,122.7406238,Ricky,Dador,09082453756,Monitoring,Rice,Others,new direct seeding
63.jpeg,2019-10-24,10.8628185,122.7214352,Ricky,Dador,09082453756,Monitoring,Rice,Others,land prep
64.jpeg,2019-11-01,10.8557987,122.669134,Margaret May ,Arengo,09060568374,Monitoring,Rice,Others,25 days old
